name;ID
subj_a01_merged;a01
subj_a02_merged;a02
subj_a03_merged;a03
subj_a04_merged;a04
subj_a05_merged;a05
subj_a06_merged;a06
subj_a07_merged;a07
subj_a08_merged;a08
subj_a09_merged;a09
subj_a10_merged;a10
subj_a11_merged;a11
subj_a13_merged;a13
subj_a14_merged;a14
subj_a16_merged;a16
subj_a17_merged;a17
subj_a18_merged;a18
subj_a20_merged;a20
subj_a21_merged;a21
subj_a22_merged;a22
subj_a23_merged;a23
subj_a24_merged;a24
subj_a25_merged;a25
subj_a26_merged;a26
subj_a27_merged;a27
subj_l01_merged;l01
subj_l02_merged;l02
subj_l03_merged;l03
subj_l04_merged;l04
subj_l06_merged;l06
subj_l07_merged;l07
subj_l08_merged;l08
subj_l10_merged;l10
subj_l11_merged;l11
subj_l12_merged;l12
subj_l13_merged;l13
subj_l15_merged;l15
subj_l16_merged;l16
subj_l17_merged;l17
subj_l18_merged;l18
subj_l19_merged;l19
subj_l20_merged;l20
subj_l21_merged;l21
subj_l25_merged;l25
subj_l26_merged;l26
subj_l27_merged;l27
subj_l28_merged;l28
